Card Images,,,,,,,,,,,,,,,,,,,,,,,,,,,,,,,,,,,,,,,,,,,,,,,,,,,,,,,,,,,,,,,,,,,,,,,,,,,,,,,,,,,,,,,,,,,,,,,,,,,,,,,,,,,,,,,,,,,,,,,,,,,,,,,,,,,,,,,,,,,,,,,,,,,
English Name,"Aria, Lady of the Woods","Aria, Lady of the Woods (Evolved)","Orchis, Newfound Heart","Nazuri, Bestial Innkeeper","Glade, Fragrantwood Ward","Glade, Fragrantwood Ward (Evolved)","Lily, Crystallian Innocence","Liam, Crazed Creator","Aerin, Crystalian Frostward","Aerin, Crystalian Frostward (Evolved)","Bayle, Luxglaive Warrior",Godwood Staff,Fairy Tamer,Fairy Tamer (Evolved),Good Fairy of the Pond,Fay Twinkletoes,Baby Carbuncle,Fragrantwood Whispers,"Amelia, Silver Captain","Amelia, Silver Captain (Evolved)","Albert, Levin Stormsaber","Ginne, Bewitching Courtesan","Zirconia, Ironcrown Ward","Zirconia, Ironcrown Ward (Evolved)","Amalia, Luxsteel Paladin",Ravening Tentacles,Luminous Commander,Luminous Commander (Evolved),Luminous Magus,"Rusty, Luxcard Trickster","Jeno, Levin Axeraider",Flashstep Quickblader,Flashstep Quickblader (Evolved),Luminous Lancetrooper,"Lyrala, Luminous Potionwright",Ignominious Samurai,Ironcrown Majesty,"Anne & Grea, Mysterian Duo","Lilanthim, Anathema of Edacity","Lilanthim, Anathema of Edacity (Evolved)","Zizdvend, Fate's Arbiter","Zizdvend, Fate's Arbiter (Evolved)","Edelweiss, Sagelight Ward","Edelweiss, Sagelight Ward (Evolved)","Juno, Visionary Alchemist",Homework Time!,"Penelope, Potions Prodigy","Penelope, Potions Prodigy (Evolved)","Ms. Miranda, Adored Academic",Snowman Army,Starry-Eyed Penguin Wizard,Starry-Eyed Penguin Wizard (Evolved),"Emmylou, Witch of Wonder","William, Mysterian Student",Sagelight Teachings,Truth Summons,"Forte, Blackwing Dragoon","Burnite, Anathema of Flame","Burnite, Anathema of Flame (Evolved)","Nirle, Draconic Prodigy","Nirle, Draconic Prodigy (Evolved)","Liu Feng, Goldennote Ward","Liu Feng, Goldennote Ward (Evolved)",Genesis Dragon Reborn,Fan of Otohime,"Eyfa, Windrider","Eyfa, Windrider (Evolved)","Marion, Ravishing Dragonewt","Kit, Luxfang Champion","Zahar, Stormwave Dragoon",Little Dragon Nanny,Little Dragon Nanny (Evolved),"Zell, Windreader",Silvercloud Dragonrider,Swordsnout Trencher,Goldennote Melody,"Cerberus, Hellfire Unleashed","Aragavy, Eternal Hunter","Aragavy, Eternal Hunter (Evolved)",Gold Rush Ghost,"Mukan, Shadowcrypt Ward","Mukan, Shadowcrypt Ward (Evolved)","Balto, Dusk Bounty Hunter","Ceres, Blue Rose Maiden","Orthrus, Hellhound Blader","Orthrus, Hellhound Blader (Evolved)","Yuna, Occult Hunter",Soul Predation,"Vlad, Impaler","Vlad, Impaler (Evolved)","Aryll, Moonstruck Vampire","Mino, Shrewd Reaper","Beryl, Nightmare Incarnate",Shadowcrypt Memorial,"Lapis, Shining Seraph","Rodeo, Anathema of Judgment","Rodeo, Anathema of Judgment (Evolved)","Rana, Dual Cannon Abbess","Ronavero, Darkhaven Ward","Ronavero, Darkhaven Ward (Evolved)","Salefa, Guardian of Water",Pact of the Beast Princess,Angelic Prism Priestess,Angelic Prism Priestess (Evolved),"Reno, Luxwing Featherfolk",Serene Sanctuary,Ironfist Priest,Ironfist Priest (Evolved),"Maeve, Guardian of Earth",Holy Shieldmaiden,"Mainyu, Darkdweller",Darkhaven Grace,"Olivia, Heroic Dark Angel","Olivia, Heroic Dark Angel (Evolved)",Ruler of Cocytus,"Phildau, Lionheart Ward","Phildau, Lionheart Ward (Evolved)","Alouette, Doomwright Ward","Leah, Bellringer Angel","Apollo, Heaven's Envoy","Apollo, Heaven's Envoy (Evolved)",Divine Thunder,Doomwright Resurgence,Guardian Golem,Looking Smart!,Fire Drake Whelp,"Mimi, Right Paw Hellhound","Coco, Left Paw Hellhound",Silent Rider,Servant of Cocytus,Demon of Purgatory,Astaroth's Reckoning,Fairy,Knight,Steelclad Knight,Dragon,Ghost,Forest Bat,Holy Tiger,"Olivia, Heroic Dark Angel (Evolved)","Orchis, Newfound Heart","Albert, Levin Stormsaber","Anne & Grea, Mysterian Duo","Forte, Blackwing Dragoon","Cerberus, Hellfire Unleashed","Lapis, Shining Seraph","Olivia, Heroic Dark Angel"
Card Number,BP16-001,BP16-002,BP16-003,BP16-004,BP16-005,BP16-006,BP16-007,BP16-008,BP16-009,BP16-010,BP16-011,BP16-012,BP16-013,BP16-014,BP16-015,BP16-016,BP16-017,BP16-018,BP16-019,BP16-020,BP16-021,BP16-022,BP16-023,BP16-024,BP16-025,BP16-026,BP16-027,BP16-028,BP16-029,BP16-030,BP16-031EN,BP16-031 / BP16-032EN,BP16-032 / BP16-033EN,BP16-033 / BP16-034EN,BP16-034 / BP16-035EN,BP16-035 / BP16-036EN,BP16-036 / BP16-037EN,BP16-037 / BP16-038EN,BP16-038 / BP16-039EN,BP16-039 / BP16-040EN,BP16-040 / BP16-041EN,BP16-041 / BP16-042EN,BP16-042 / BP16-043EN,BP16-043 / BP16-044EN,BP16-044 / BP16-045EN,BP16-045 / BP16-046EN,BP16-046 / BP16-047EN,BP16-047 / BP16-048EN,BP16-048 / BP16-049EN,BP16-049 / BP16-050EN,BP16-050 / BP16-051EN,BP16-051 / BP16-052EN,BP16-052 / BP16-053EN,BP16-053 / BP16-054EN,BP16-054 / BP16-055EN,BP16-055 / BP16-056EN,BP16-056 / BP16-057EN,BP16-057 / BP16-058EN,BP16-058 / BP16-059EN,BP16-059 / BP16-060EN,BP16-060 / BP16-061EN,BP16-061 / BP16-062EN,BP16-062 / BP16-063EN,BP16-063 / BP16-064EN,BP16-064 / BP16-065EN,BP16-065 / BP16-066EN,BP16-066 / BP16-067EN,BP16-067 / BP16-068EN,BP16-068 / BP16-069EN,BP16-070EN,BP16-069 / BP16-071EN,BP16-070 / BP16-072EN,BP16-071 / BP16-073EN,BP16-072 / BP16-074EN,BP16-073 / BP16-075EN,BP16-074 / BP16-076EN,BP16-075 / BP16-077EN,BP16-076 / BP16-078EN,BP16-077 / BP16-079EN,BP16-078 / BP16-080EN,BP16-079 / BP16-081EN,BP16-080 / BP16-082EN,BP16-081 / BP16-083EN,BP16-082 / BP16-084EN,BP16-083 / BP16-085EN,BP16-084 / BP16-086EN,BP16-085 / BP16-087EN,BP16-086 / BP16-088EN,BP16-087 / BP16-089EN,BP16-088 / BP16-090EN,BP16-089 / BP16-091EN,BP16-090 / BP16-092EN,BP16-091 / BP16-093EN,BP16-092 / BP16-094EN,BP16-093 / BP16-095EN,BP16-094 / BP16-096EN,BP16-095 / BP16-097EN,BP16-096 / BP16-098EN,BP16-097 / BP16-099EN,BP16-098 / BP16-100EN,BP16-099 / BP16-101EN,BP16-100 / BP16-102EN,BP16-101 / BP16-103EN,BP16-102 / BP16-104EN,BP16-103 / BP16-105EN,BP16-104 / BP16-106EN,BP16-105 / BP16-107EN,BP16-106 / BP16-108EN,BP16-107 / BP16-109EN,BP16-108 / BP16-110EN,BP16-109 / BP16-111EN,BP16-110 / BP16-112EN,BP16-111 / BP16-113EN,BP16-112 / BP16-114EN,BP16-113 / BP16-115EN,BP16-114 / BP16-116EN,BP16-115 / BP16-117EN,BP16-116 / BP16-118EN,BP16-117 / BP16-119EN,BP16-118 / BP16-120EN,BP16-119 / BP16-121EN,BP16-120 / BP16-122EN,BP16-121 / BP16-123EN,BP16-T01,BP16-T02,BP16-T03,BP16-T04,BP16-T05,BP16-T06,BP16-T07,BP16-T08,BP16-T09,BP16-T10,BP16-T12,BP16-T13,BP16-T17,BP16-T18,BP16-T19,BP16-T20,BP16-SP01,BP16-U01,BP16-U02,BP16-U03,BP16-U04,BP16-U05,BP16-U06,BP16-U07
Class,Forestcraft,Forestcraft,Forestcraft,Forestcraft,Forestcraft,Forestcraft,Forestcraft,Forestcraft,Forestcraft,Forestcraft,Forestcraft,Forestcraft,Forestcraft,Forestcraft,Forestcraft,Forestcraft,Forestcraft,Forestcraft,Swordcraft,Swordcraft,Swordcraft,Swordcraft,Swordcraft,Swordcraft,Swordcraft,Swordcraft,Swordcraft,Swordcraft,Swordcraft,Swordcraft,Swordcraft,Swordcraft,Swordcraft,Swordcraft,Swordcraft,Swordcraft,Swordcraft,Runecraft,Runecraft,Runecraft,Runecraft,Runecraft,Runecraft,Runecraft,Runecraft,Runecraft,Runecraft,Runecraft,Runecraft,Runecraft,Runecraft,Runecraft,Runecraft,Runecraft,Runecraft,Runecraft,Dragoncraft,Dragoncraft,Dragoncraft,Dragoncraft,Dragoncraft,Dragoncraft,Dragoncraft,Dragoncraft,Dragoncraft,Dragoncraft,Dragoncraft,Dragoncraft,Dragoncraft,Dragoncraft,Dragoncraft,Dragoncraft,Dragoncraft,Dragoncraft,Dragoncraft,Dragoncraft,Abysscraft,Abysscraft,Abysscraft,Abysscraft,Abysscraft,Abysscraft,Abysscraft,Abysscraft,Abysscraft,Abysscraft,Abysscraft,Abysscraft,Abysscraft,Abysscraft,Abysscraft,Abysscraft,Abysscraft,Abysscraft,Havencraft,Havencraft,Havencraft,Havencraft,Havencraft,Havencraft,Havencraft,Havencraft,Havencraft,Havencraft,Havencraft,Havencraft,Havencraft,Havencraft,Havencraft,Havencraft,Havencraft,Havencraft,Neutral,Neutral,Neutral,Neutral,Neutral,Neutral,Neutral,Neutral,Neutral,Neutral,Neutral,Runecraft,Runecraft,Dragoncraft,Abysscraft,Abysscraft,Neutral,Neutral,Neutral,Neutral,Forestcraft,Swordcraft,Swordcraft,Dragoncraft,Abysscraft,Abysscraft,Havencraft,Neutral,Forestcraft,Swordcraft,Runecraft,Dragoncraft,Abysscraft,Havencraft,Neutral
Card Type,Follower,Follower / Evolved,Follower,Follower,Follower,Follower / Evolved,Follower,Follower,Follower,Follower / Evolved,Follower,Amulet,Follower,Follower / Evolved,Follower,Follower,Follower,Spell,Follower,Follower / Evolved,Follower,Follower,Follower,Follower / Evolved,Follower,Spell,Follower,Follower / Evolved,Follower,Follower,Follower,Follower,Follower / Evolved,Follower,Follower,Follower,Spell,Follower,Follower,Follower / Evolved,Follower,Follower / Evolved,Follower,Follower / Evolved,Follower,Spell,Follower,Follower / Evolved,Follower,Spell,Follower,Follower / Evolved,Follower,Follower,Spell,Spell,Follower,Follower,Follower / Evolved,Follower,Follower / Evolved,Follower,Follower / Evolved,Follower,Amulet,Follower,Follower / Evolved,Follower,Follower,Follower,Follower,Follower / Evolved,Follower,Follower,Follower,Spell,Follower,Follower,Follower / Evolved,Follower,Follower,Follower / Evolved,Follower,Follower,Follower,Follower / Evolved,Follower,Spell,Follower,Follower / Evolved,Follower,Follower,Follower,Amulet,Amulet,Follower,Follower / Evolved,Follower,Follower,Follower / Evolved,Follower,Amulet,Follower,Follower / Evolved,Follower,Amulet,Follower,Follower / Evolved,Follower,Follower,Follower,Amulet,Follower,Follower / Evolved,Follower,Follower,Follower / Evolved,Follower,Follower,Follower,Follower / Evolved,Spell,Spell,Follower / Token,Spell / Token,Follower / Token,Follower / Token,Follower / Token,Follower / Token,Follower / Token,Follower / Token,Spell / Token,Follower / Token,Follower / Token,Follower / Token,Follower / Token,Follower / Token,Follower / Token,Follower / Token,Follower / Evolved,Follower,Follower,Follower,Follower,Follower,Amulet,Follower
Cost ,1,-,2,3,3,-,1,4,3,-,3,1,2,-,1,3,1,1,2,-,4,2,3,-,4,1,2,-,2,3,2,1,-,2,1,4,3,5,4,-,3,-,3,-,6,1,2,-,2,2,2,-,2,4,1,3,5,7,-,2,-,3,-,7,1,2,-,2,1,8,2,-,3,7,4,3,4,5,-,2,3,-,2,2,2,-,1,2,7,-,4,1,4,1,3,4,-,6,3,-,2,2,2,-,2,1,4,-,3,5,2,4,5,-,6,3,-,4,1,3,-,5,2,3,0,1,1,1,1,1,1,10,1,1,2,4,1,1,4,-,2,4,5,5,4,3,5
Stats,1/1,1/1,1/2,2/2,3/3,4/4,1/1,3/3,3/3,4/4,4/4,-,1/1,2/2,2/1,2/3,0/1,-,2/2,3/3,4/5,3/2,3/3,4/4,4/4,-,1/1,2/2,1/1,3/3,3/2,1/1,2/2,1/1,1/1,4/4,-,4/4,4/4,5/5,3/3,4/4,3/3,4/4,4/4,-,2/2,3/3,2/2,-,2/2,3/3,2/3,3/5,-,-,6/5,5/5,6/6,1/1,5/5,3/3,4/4,7/9,-,2/2,3/3,2/3,2/1,4/4,2/2,3/3,3/3,5/6,5/5,-,3/3,4/4,5/5,2/2,3/3,4/4,2/2,1/3,2/2,3/3,2/2,-,4/4,5/5,3/3,1/1,3/5,-,5/5,3/4,4/5,3/3,3/3,4/4,2/3,-,1/1,2/2,3/2,-,4/4,5/5,3/4,4/6,2/2,-,4/4,5/5,6/6,3/3,4/4,3/3,0/3,3/3,4/4,-,-,3/5,-,1/1,2/2,2/2,5/5,8/8,6/4,-,1/1,1/1,2/2,5/5,1/1,1/1,4/4,5/5,1/2,4/5,4/4,6/5,3/3,5/5,4/4
Trait,Pixie / Princess,Pixie / Princess,Puppetry,Festive / Beast,Elf / Hunter,Elf / Hunter,Crystalian,Puppetry / Cutthroat,Crystalian,Crystalian,Hunter / Beast,Elf,Pixie / Elf,Pixie / Elf,Pixie,Pixie,Fae-Touched / Beast,Elf / Hunter,Commander,Commander,Commander / Levin,Festive,Commander / Noble,Commander / Noble,Officer,Officer / Beast / Levin,Commander / Luminous,Commander / Luminous,Commander / Luminous,Thief,Officer / Beast / Levin,Officer,Officer,Commander / Luminous,Officer / Luminous,Officer,Commander / Noble,Mage / Academic / Princess,Anathema / Mage,Anathema / Mage,Festive / Forbidden,Festive / Forbidden,Mage / Golem,Mage / Golem,Alchemist,Mage / Academic,Alchemist,Alchemist,Mage / Academic,Mage / Arcanaform,Mage / Beast / Arcanaform,Mage / Beast / Arcanaform,Mage,Mage / Academic,Mage / Golem,Alchemist / Golem,Dragonheart,Anathema / Dragonewt,Anathema / Dragonewt,Wasteland / Wyrmkin,Wasteland / Wyrmkin,Dragonheart / Dragonewt,Dragonheart / Dragonewt,Wyrmkin,Marine,Dragonheart,Dragonheart,Dragonewt,Dragonewt,Dragonheart / Marine,Dragonheart,Dragonheart,Dragonheart,Dragonheart,Wyrmkin / Marine,Dragonheart / Dragonewt,Demon,Arena / Beast,Arena / Beast,Wasteland / Departed,Necromancer / Demon,Necromancer / Demon,Demon,Departed,Demon,Demon,Vampire / Cutthroat,Demon,Vampire / Cutthroat,Vampire / Cutthroat,Vampire,Demon / Departed,Demon,Necromancer / Demon,Faith / Luminary / Lightborne,Anathema / Luminary,Anathema / Luminary,Wasteland / Faith,Faith / Luminary,Faith / Luminary,Faith / Luminary / Lightborne,Faith,Luminary / Avian,Luminary / Avian,Luminary / Avian,Faith,Faith,Faith,Zealot / Luminary / Lightborne,Faith,Zealot,Faith / Luminary,Fallen Angel,Fallen Angel,Archfiend,Musical / Lightborne,Musical / Lightborne,Supreme / Lightborne,Angel,Deity,Deity,Deity,Supreme / Lightborne,Golem,Mage / Academic,Wyrmkin,Demon,Demon,Archfiend,Archfiend,Archfiend,Archfiend,Pixie,Officer,Officer,Wyrmkin,Departed,Vampire,Beast,Fallen Angel,Puppetry,Commander / Levin,Mage / Academic / Princess,Dragonheart,Demon,Faith / Luminary / Lightborne,Fallen Angel
Rarity,L,L,L,L,G,G,G,,S,S,S,S,B,B,B,B,B,B,L,L,L,L,G,G,G,G,S,S,S,S,S,B,B,B,B,B,B,L,L,L,L,L,G,G,G,G,S,S,S,S,B,B,B,B,B,B,L,L,L,L,L,G,G,G,G,S,S,S,S,S,B,B,B,B,B,B,L,L,L,L,G,G,G,G,S,S,S,S,B,B,B,B,B,B,L,L,L,L,G,G,G,G,S,S,S,S,B,B,B,B,B,B,L,L,L,G,G,G,G,S,S,S,S,Token,Token,Token,Token,Token,Token,Token,Token,Token,Token,Token,Token,Token,Token,Token,Token,SP,U,U,U,U,U,U,U
Card Text,"Evolve (1): Evolve this.
Fanfare Put 2 Fairy tokens into your EX area.","On Evolve - Summon a Fairy token.
On Super Evolve - Give each Pixie token follower on your field and in your EX area 🗡️+1/🛡️+1.","Fanfare Banish 2 cards named Puppet from your EX area: Put a Lloyd token into your EX area.
Activate Engage this: Select a Puppet on your field and give it 🗡️+1/🛡️+1, Storm, and Bane. Activate only if there are at least 3 Puppetry cards in your cemetery.","Fanfare If there are at least 3 Festive cards on your field and/or in your EX area, search your deck for a Festive follower not named Nazuri, Bestial Innkeeper that costs 3 or less, summon it, then shuffle.",Evolve (1): Evolve this.,"On Evolve - Draw a card. Summon 2 Fairy tokens.
On Super-Evolve - Select any number of enemy followers on the field and deal X damage divided between them. X equals the total number of cards on your field and in your hand.",Fanfare Select an enemy follower on the field and change its attack and defense to 1.,"Fanfare Summon 2 Puppet tokens.
Activate Engage this: Look at the top 5 cards of your deck. You may put a Puppetry card that costs 3 or less from among them into your EX area. It costs 3 less to play this turn. Put the rest on the bottom of your deck in any order.","Evolve (1): Evolve this.
Ward.
Fanfare Select an enemy follower on the field. It can't attack enemies during its controller's next turn.","Ward.
On Evolve - Search your deck for a Crystalian follower that costs 2 or less, put it into your EX area, then shuffle. It costs 2 less to play this turn.","This can't be played unless a follower you control has left the field this turn.
----------
Fanfare Select an enemy follower on the field and deal it 4 damage.","When this leaves the field, give your leader 🛡️+1 and recover 1 play point.","Evolve (1): Evolve this.
Fanfare Summon a Fairy token.",On Evolve - Select up to 2 other Pixie followers on your field and/or in your EX area and give them 🗡️+1/🛡️+1.,"Fanfare/Last Words Put a Fairy token into your EX area.
","Fanfare Give each other Forestcraft follower on your field 🗡️+1/🛡️+1. 
",Fanfare Return a Beast card on your field not named Baby Carbuncle to its owner's hand: Draw a card.,"Choose 1. If a follower on your field evolved this turn, choose up to 2 instead. (1) Give your leader 🛡️+2. (2) Draw a card.","Evolve (1): Evolve this.
At the start of your end phase, you may put a Steelclad Knight, Shield Guardian, or Knight token into your EX area.","On Evolve - Put the top card of your deck into your EX area.
On Super-Evolve - Select an Officer follower on your field and give it 🗡️+4/🛡️+4.
At the start of your end phase, you may put a Steelclad Knight, Shield Guardian, or Knight token into your EX area.","Storm.
Fanfare Select another Levin follower on your field and give it 🗡️+1.
Activate 3PP: Refresh this. Activate only if there are at least 10 Swordcraft followers in your cemetery, and only once per turn.","Fanfare Choose up to 2. If there's a Jiemon, Thief Lord on your field, choose up to 3 instead. (1) Select an enemy follower on the field and engage it. It doesn't refresh during its controller's next start phase. (2) Draw a card. Put a card from your hand on the top or bottom of your deck. (3) Put 2 Glittering Gold tokens into your EX area",Evolve (1): Evolve this.,"On Evolve - Summon a Steelclad Knight and Shield Guardian token.
On Super-Evolve - Select up to 2 Officer token followers on your field and give them 🗡️+1/🛡️+1 and Storm.","Fanfare Select an enemy follower on the field. Deal it 4 damage and summon an Officer token follower from your EX area.
Activate 0PP: Deal 4 damage to each enemy leader. Draw a card. Activate only if there are at least 3 Officer token followers on your field with different names, and only once per turn.","As an additional cost to play this, engage a Levin follower on your field.
----------
Select an enemy follower on the field. Deal it 4 damage, give your leader 🛡️+2, and, if there's a follower on your field with ""Yurius"" in its name, draw a card.",Evolve (1): Evolve this.,"On Evolve - Summon a Knight token. Put a Steelclad Knight or Shield Guardian token into your EX area.
Activate 0PP: Select an enemy follower on the field. Deal 3 damage to it and its leader. Activate only if there are at least 3 Officer token followers on your field with different names, and only once per turn.","Fanfare Summon a Shield Guardian or Knight token.
Activate 0PP: Select an enemy follower on the field. Deal it 5 damage and draw a card. Activate only if there are at least 3 Officer token followers on your field with different names, and only once per turn.","Storm.
Last Words Search your deck for a Rusty, Luxcard Trickster, reveal it, add it to your hand, then shuffle.","When this is discarded, look at the top card of your deck. If it's a Levin card, you may reveal it and add it to your hand.
----------
While there are at least 5 Levin cards in your cemetery, this has Storm.","Evolve (1): Evolve this.
Storm.","Storm.
On Evolve - Select an enemy leader or enemy follower on the field and deal it 1 damage.","Fanfare Summon a Steelclad Knight token.
Activate 0PP: Select an Officer token follower on your field and give it 🗡️+2 and Storm. Activate only if there are at least 3 Officer token followers on your field with different names, and only once per turn.","Ward.
Fanfare Put a Steelclad Knight and Shield Guardian token into your EX area.
Activate 0PP: Give your leader 🛡️+2. Activate only if there are at least 3 Officer token followers on your field with different names, and only once per turn.","Assail.
Strike - Select an enemy follower on the field and deal it 4 damage.","Choose 1. If a follower on your field evolved this turn, choose up to 2 instead. (1) Summon a Steelclad Knight, Shield Guardian, and Knight token. (2) Give each Officer token follower on your field 🗡️+1/🛡️+1.","While there are at least 10 Academic cards in your cemetery, this has Storm.
Fanfare Discard 2 Academic cards: Select an enemy follower on the field. Deal it 5 damage and draw 2 cards.
At the start of your end phase, if there are at least 5 Academic cards in your cemetery, summon an Anne's Summoning token.","Evolve (1): Evolve this.
Fanfare Select an enemy follower on the field and deal it 2 damage.
Activate - Earth Rite: Give this Assail.","On Super-Evolve - Select up to 2 enemy followers on the field and destroy them. Add 2 to a Stack on your field.
Activate - Earth Rite: Give this Assail.
Last Words - Earth Rite: Put this onto its owner's field engaged.","Evolve (1): Evolve this.
Fanfare Draw X cards. X equals the number of other Festive followers on your field.
At the start of your end phase, deal each enemy leader damage equal to the number of other Festive followers on your field.","On Evolve - Select an enemy follower on the field and deal it damage equal to 2 times the number of Festive followers on your field.
At the start of your end phase, deal each enemy leader damage equal to the number of other Festive followers on your field.",Evolve (1): Evolve this.,"On Evolve - Summon a Strikeform Golem token. Put a Guardform Golem token into your EX area.
On Super-Evolve - Draw 2 cards.
Whenever a Golem follower is put onto your field, add 1 to a Stack on your field.","Activate Engage this, Earth Rite: Summon 2 Guardian Golem tokens.
Activate 2PP, discard this: Add 2 to a Stack on your field. Draw a card.
","Draw a card. If there are at least 5 Academic cards in your cemetery, put a Looking Smart! token into your EX area.","Evolve (1): Evolve this.
Fanfare Summon a Magic Sediment token.",On Evolve - Give your leader 🛡️+2. Add 1 to a Stack on your field.,Fanfare Discard an Academic card: Draw 2 cards.,"Select an enemy follower on the field and change its attack and defense to 1. Spellchain (10) - It loses all abilities.
",Evolve (1): Evolve this.,On Evolve - Draw 2 cards. Discard 2 cards.,"Fanfare Choose 1. (1) Summon a Magic Sediment token. (2) Earth Rite: Select an enemy follower on the field and deal it 3 damage.
","Fanfare Select an enemy follower on the field and deal it 4 damage.
Activate 2PP, engage this: Select an enemy follower on the field and deal it 4 damage.","Choose 1. If a follower on your field evolved this turn, choose up to 2 instead. (1) Summon a Magic Sediment token. Give your leader 🛡️+1. (2) Put a Guardian Golem token into your EX area.",Earth Rite: Summon a Guardian Golem token.,"Storm. Intimidate.
Fanfare If you have 10 max play points, give this 🗡️+1 and Aura.
","This costs 2 less to play if there are at least 4 Dragoncraft cards in your cemetery that cost 7 or more.
----------
Evolve (1): Evolve this.
Fanfare Discard a card: Select an enemy follower on the field. Deal it damage equal to the discarded card's cost and draw a card.","On Evolve - Discard a card: Select an enemy follower on the field. Deal it damage equal to the discarded card's cost and draw a card.
On Super-Evolve - Give your leader 🛡️+5.
At the start of your end phase, if there are at least 7 Dragoncraft cards in your cemetery that cost 7 or more, deal 7 damage to each enemy leader.","Evolve (1): Evolve this. Activate only if Overflow is active for you.
Fanfare If there's a Mount card on your field, increase your max play points by 1.","On Evolve - Select a Wasteland follower on your field with Evolve not named Nirle, Draconic Prodigy and evolve it.",Evolve (1): Evolve this.,"On Evolve - Select an enemy follower on the field and deal it 3 damage.
On Super-Evolve - Increase your max play points by 1. Give your leader 🛡️+2.",Storm.,"Activate Engage this, bury this: Summon a Megalorca token.
Activate 1PP, engage this, bury this: Select an enemy follower on the field and deal it 4 damage. Activate only if there's a Marine follower on your field.","Evolve (1): Evolve this.
Storm. Intimidate.",Storm. Intimidate.,"Fanfare Draw a card. Discard a card.
Activate Engage this: Select an enemy follower on the field and deal it 4 damage. Activate only if there are at least 4 Dragoncraft cards in your cemetery that cost 7 or more.","When this is discarded, you may put it into your EX area.
----------
Rush.
Fanfare If Overflow is active for you, give this 🗡️+1 and Assail.","When this is discarded, look at the top 2 cards of your deck. You may reveal a Dragoncraft card that costs 7 or more from among them and add it to your hand. Put the rest on the bottom of your deck in any order.
----------
Fanfare Look at the top 3 cards of your deck. You may summon a Dragoncraft follower not named Zahar, Stormwave Dragoon from among them. Put the rest on the bottom of your deck in any order.",Evolve (1): Evolve this.,"On Evolve - Search your deck for a Dragon's Nest, summon it, then shuffle.
Once per turn, when a Dragon's Nest is put from your field into the cemetery, summon a Fire Drake Whelp token.","Fanfare Select a Dragoncraft follower on your field and, if you have 10 max play points, give it Storm.","When this is discarded, 2PP: Summon a Dragon token.
----------
Ward.
Fanfare Summon a Dragon token.","Rush.
If Overflow is active for you, this has Storm.","Choose 1. If a follower on your field evolved this turn, choose up to 2 instead. (1) Give your leader 🛡️+3. (2) Draw 2 cards.","Fanfare Summon a Mimi, Right Paw Hellhound and Coco, Left Paw Hellhound token. Necrocharge (10) - Give them Storm.
Activate Engage this, bury another follower: Select an enemy follower on the field and deal it 2 damage.","Evolve (1): Evolve this.
Fanfare Give your leader 🛡️-2: Draw a card.","On Evolve - Select up to 3 enemy followers on the field and deal 5 damage divided between them. If your leader's defense is 10 or less, deal 10 damage divided between them instead.
On Super-Evolve - Give this Storm.","Storm.
Fanfare Choose 1. If this was put onto the field from the cemetery, choose up to 2 instead. (1) Summon an Arcane Personnel Carrier token. Give your leader 🛡️+1. (2) Bury the top 2 cards of your deck.
At the start of each opponent's end phase, bury this.","
Evolve (1): Evolve this.","Whenever a Departed follower is put onto your field, give your leader 🛡️+1.
On Evolve - Select a Departed follower in your cemetery that costs 3 or less and summon it.
On Super-Evolve - Select a Departed follower in your cemetery that costs 3 or less. Summon it and give it Assail.",Fanfare Choose up to 3. (1) 1PP: Select an enemy follower on the field and destroy it. (2) 1PP: Give this🗡️+2/🛡️+2 and Ward. (3) 1PP: Give this follower 🗡️+1/🛡️+1. Draw 2 cards. Discard a card.,"Bane.
Necrocharge (5) - This has Storm.
During your turn, whenever this deals damage to an enemy leader, each opponent discards a card.",Evolve (1): Evolve this.,On Evolve - Choose 1. (1) Select an enemy follower on the field. Necrocharge (10) - Deal it 5 damage. (2) Bury the top 2 cards of your deck.,Fanfare Put 2 Ghost or Forest Bat tokens into your EX area.,Select an enemy follower on the field and a follower on your field. Destroy them and draw a card.,"Evolve (1): Evolve this.
Storm.
Fanfare Deal 3 damage to each enemy follower on the field.",Storm. Drain.,"Fanfare Summon 2 Forest Bat tokens.
Activate Engage this: Select a Vampire token follower on your field and give it 🗡️+1/🛡️+1, Rush, and Drain.
",Activate Engage this: Select an enemy follower on the field and deal it 3 damage. Activate only if there are at least 10 cards in your cemetery.,"Fanfare Deal 3 damage to your leader.
Strike - Give your leader 🛡️+5.","Fanfare Bury the top card of your deck.
Activate Engage this, bury this: Summon a Ghost token. Activate only if a follower on your field evolved this turn.
","While this has at least 4 prayer counters, it's a follower.
Strike - Search your deck for an Enstatued Seraph, summon it, then shuffle.
At the start of your main phase, select any number of other cards on your field and place a prayer counter on them and this.","Evolve (1): Evolve this.
At the start of your end phase, if there are at least 2 amulets on your field, give your leader 🛡️+2.","On Evolve - Search your deck for an amulet that costs 3 or less, summon it, then shuffle.
On Super-Evolve - Search your deck for an amulet that costs 5 or less, summon it, then shuffle.
At the start of your end phase, if there are at least 2 amulets on your field, give your leader 🛡️+2.","Fanfare Search your deck for up to 2 Wasteland cards not named Rana, Dual Cannon Abbess that cost a total of 6 or less, put them into your EX area, then shuffle. They cost 0 to play this turn. Summon a Bullet Bike token.
Activate 0PP: Deal 1 damage to each enemy follower on the field. Activate only once per turn.",Evolve (1): Evolve this.,"On Evolve - Select an enemy follower on the field. Change its attack to 0 and its defense to 1, and engage it.
On Super-Evolve - Select a Faith spell or Faith amulet in your cemetery that costs 4 or less and put it into your EX area. It costs 4 less to play this turn.","Fanfare Engage an amulet on your field: Select an enemy follower on the field. It can't attack enemies during its controller's next turn.
Activate Engage an amulet on your field: Select an enemy follower on the field. It can't attack enemies during its controller's next turn. Activate only once per turn.","Whenever a Holy Tiger is put onto your field, select an enemy follower on the field and engage it.
Activate 2PP, engage this, bury another amulet: Summon a Holy Tiger token.","Evolve (1): Evolve this.
Fanfare Look at the top 3 cards of your deck. You may reveal an amulet from among them and add it to your hand. Put the rest on the bottom of your deck in any order.
",On Evolve - You may summon an amulet that costs 2 or less from your hand.,"Rush.
Strike - Deal 1 damage to each enemy leader.
Fanfare If this was put onto the field by an ability, give it Assail and, for the rest of this turn, ""This doesn't take damage.""","Fanfare Search your deck for a Luminary amulet, reveal it, add it to your hand, then shuffle.
Activate Engage this: Bury this. Activate only if this has a prayer counter.
Last Words Give your leader 🛡️+1.","Evolve (1): Evolve this.
Ward.","Ward.
On Evolve - Deal 4 damage to each enemy leader.","Ward.
Fanfare Bury an amulet: Give this 🗡️+1/🛡️+1. Give your leader 🛡️+3.","Ward.
During your turn, this doesn't take damage.","Aura.
Whenever an amulet is put onto your field, give this 🗡️+1.","Fanfare Select an enemy follower on the field and destroy it.
Activate Engage this, bury this: Deal 2 damage to each enemy leader. Draw a card. Activate only if a follower on your field evolved this turn.","Evolve (1): Evolve this.
Ward.
Fanfare Draw a card.","Ward.
On Evolve -  Select an enemy follower on the field and deal it 5 damage.
On Super-Evolve - Give your leader 🛡️+3. Recover 3 play points.","Fanfare Deal 6 damage to your leader. Put a Silent Rider, Servant of Cocytus, Demon of Purgatory, and Astaroth's Reckoning token into your EX area.","Evolve (1): Evolve this.
Ward","Ward.
On Evolve - Select an enemy follower on the field and deal it 3 damage.
On Super-Evolve - Select an enemy card on the field and destroy it.","Fanfare Summon a Keenedge Artifact token.
","Ward.
Last Words Give your leader 🛡️+1. Draw a card.","Evolve (1): Evolve this.
Fanfare Deal 1 damage to each enemy leader and each enemy follower on the field.
","On Evolve - Deal 1 damage to each enemy leader and each enemy follower on the field.
",Select an enemy follower on the field. Deal 7 damage to it and 3 damage to its leader.,Select a Supreme token follower on your field that costs 5 or less and summon a token of the same name.,"Ward.
Last Words Give your leader 🛡️+2.","Select an enemy follower on the field. Deal it 2 damage, draw a card, then discard a card.",Intimidate.,Last Words Select an enemy follower on the field. Deal it 2 damage and bury the top card of your deck.,Last Words Give your leader 🛡️+2. Bury the top card of your deck.,Storm.,,"Ward.
Fanfare Select an enemy follower on the field and deal it 6 damage",Change each enemy leader's defense to 1.,,,,,"Storm.
At the start of your end phase, banish this.",,Rush.,"Ward.
On Evolve -  Select an enemy follower on the field and deal it 5 damage.
On Super-Evolve - Give your leader 🛡️+3. Recover 3 play points.","Fanfare Banish 2 cards named Puppet from your EX area: Put a Lloyd token into your EX area.
Activate Engage this: Select a Puppet on your field and give it 🗡️+1/🛡️+1, Storm, and Bane. Activate only if there are at least 3 Puppetry cards in your cemetery.","Storm.
Fanfare Select another Levin follower on your field and give it 🗡️+1.
Activate 3PP: Refresh this. Activate only if there are at least 10 Swordcraft followers in your cemetery, and only once per turn.","While there are at least 10 Academic cards in your cemetery, this has Storm.
Fanfare Discard 2 Academic cards: Select an enemy follower on the field. Deal it 5 damage and draw 2 cards.
At the start of your end phase, if there are at least 5 Academic cards in your cemetery, summon an Anne's Summoning token.","Storm. Intimidate.
Fanfare If you have 10 max play points, give this 🗡️+1 and Aura.
","Fanfare Summon a Mimi, Right Paw Hellhound and Coco, Left Paw Hellhound token. Necrocharge (10) - Give them Storm.
Activate Engage this, bury another follower: Select an enemy follower on the field and deal it 2 damage.","While this has at least 4 prayer counters, it's a follower.
Strike - Search your deck for an Enstatued Seraph, summon it, then shuffle.
At the start of your main phase, select any number of other cards on your field and place a prayer counter on them and this.","Evolve (1): Evolve this.
Ward.
Fanfare Draw a card."
Notes,,,,,,,,,,,,,,,,,,,,,,,,,,,,,,,Only included in the English edition of BP16.,,,,,,,,,,,,,,,,,,,,,,,,,,,,,,,,,,,,,,,Only included in the English edition of BP16.,,,,,,,,,,,,,,,,,,,,,,,,,,,,,,,,,,,,,,,,,,,,,,,,,,,,,,,,,,,,,,,,,,,,,,,,,,,,,